input,entry,before_us,after_us,delta_q25_pct,delta_median_pct,delta_q75_pct
low_discrepancy_holes,leaves,93.463,69.866,-27.39,-25.60,-24.26
low_discrepancy_holes,native_grid,97.345,68.132,-32.67,-29.36,-27.38
low_discrepancy_holes,producer_pipeline,94.848,72.702,-24.97,-23.01,-21.52
low_discrepancy_holes,consume_pipeline,93.018,70.573,-25.77,-24.46,-23.05
large_lod,leaves,0.198,0.203,0.40,4.35,6.32
large_lod,native_grid,0.198,0.448,124.90,126.09,128.80
large_lod,producer_pipeline,0.199,0.558,176.95,179.22,185.49
large_lod,consume_pipeline,0.200,0.202,-0.39,2.33,4.12
regular_blocks,leaves,1.299,1.232,-7.57,-5.41,-4.55
regular_blocks,native_grid,1.305,2.395,79.19,82.37,86.82
regular_blocks,producer_pipeline,1.355,2.912,98.03,110.63,116.24
regular_blocks,consume_pipeline,1.375,1.289,-7.25,-6.50,-5.18
mixed_lod_bands,leaves,0.346,0.352,-2.73,1.61,7.42
mixed_lod_bands,native_grid,0.345,0.648,86.46,90.26,95.02
mixed_lod_bands,producer_pipeline,0.352,0.830,129.91,134.59,139.02
mixed_lod_bands,consume_pipeline,0.346,0.363,3.80,5.29,6.16
stripes,leaves,23.930,4.068,-92.47,-82.80,-82.39
stripes,native_grid,23.328,0.701,-97.04,-97.01,-96.96
stripes,producer_pipeline,25.211,7.931,-71.75,-68.65,-67.65
stripes,consume_pipeline,22.951,3.982,-84.32,-82.64,-82.43
two_color_checkerboard,leaves,64.113,50.737,-29.66,-21.21,-16.73
two_color_checkerboard,native_grid,63.603,46.727,-30.52,-26.41,-24.32
two_color_checkerboard,producer_pipeline,62.641,52.625,-18.51,-16.13,-14.83
two_color_checkerboard,consume_pipeline,65.312,53.666,-19.44,-17.98,-13.62
alternating_holes_max_chords,leaves,83.562,66.765,-24.55,-20.92,-16.49
alternating_holes_max_chords,native_grid,84.303,64.191,-27.30,-24.35,-22.53
alternating_holes_max_chords,producer_pipeline,88.350,71.270,-23.93,-19.07,-15.42
alternating_holes_max_chords,consume_pipeline,80.138,63.406,-21.40,-20.82,-19.87
sparse_random,leaves,7.327,7.062,-5.56,-3.61,-1.89
sparse_random,native_grid,7.383,5.752,-27.11,-22.15,-20.43
sparse_random,producer_pipeline,7.652,6.713,-39.06,-12.28,63.01
sparse_random,consume_pipeline,7.825,7.481,-11.76,-5.24,-2.01
dense_random_holes,leaves,72.859,53.366,-28.57,-27.24,-25.12
dense_random_holes,native_grid,72.816,50.305,-32.49,-31.22,-29.64
dense_random_holes,producer_pipeline,74.520,56.403,-25.95,-24.73,-22.66
dense_random_holes,consume_pipeline,74.816,53.299,-33.15,-29.11,-27.36
dense_boundary_chords,leaves,43.463,25.894,-40.92,-40.63,-40.15
dense_boundary_chords,native_grid,43.473,22.300,-49.16,-48.62,-48.26
dense_boundary_chords,producer_pipeline,45.703,29.750,-36.76,-34.99,-31.36
dense_boundary_chords,consume_pipeline,43.991,27.039,-39.21,-38.40,-37.84
many_small_color_groups,leaves,39.063,32.653,-20.83,-16.49,-15.45
many_small_color_groups,native_grid,38.889,30.380,-22.19,-20.98,-20.19
many_small_color_groups,producer_pipeline,41.507,36.508,-13.37,-11.82,-10.19
many_small_color_groups,consume_pipeline,40.123,34.061,-19.72,-14.55,-13.38
reversed_unit_pixels,leaves,23.109,4.000,-83.04,-82.70,-82.50
reversed_unit_pixels,native_grid,22.664,0.473,-97.99,-97.93,-97.90
reversed_unit_pixels,producer_pipeline,24.884,7.820,-68.82,-68.53,-68.24
reversed_unit_pixels,consume_pipeline,22.776,3.940,-82.80,-82.62,-82.46
