"repeat","input","entry","before_p95_us","after_p95_us","before_max_us","after_max_us","median_delta_pct","slowest_delta_pct","before_max_seed","after_max_seed"
"1","random_1_2","leaves","56.194","47.206","56.694","47.938","-13.44","-5.62","49","56"
"1","random_1_2","native_grid","56.406","45.025","57.706","46.612","-19.03","-8","40","56"
"1","random_7_8","leaves","95.175","77.463","98.262","77.825","-21.23","-15.35","49","49"
"1","random_7_8","native_grid","95.369","73.962","97.2","75.194","-24.92","-18.91","49","49"
"1","random_two_color","leaves","118.575","81.244","120.569","82.375","-32.46","-27.26","59","4"
"1","random_two_color","native_grid","119.056","77.225","125.375","78.594","-35.42","-30.55","62","9"
"2","random_1_2","leaves","56.144","47.806","58.344","48.375","-15.21","-5.35","49","49"
"2","random_1_2","native_grid","56.175","45.694","58.531","46.931","-16.55","-9.04","49","49"
"2","random_7_8","leaves","96.1","77.044","97.075","78.119","-19.96","-16.21","49","49"
"2","random_7_8","native_grid","94.537","73.2","98.838","76.806","-25.27","-17.29","49","18"
"2","random_two_color","leaves","123.381","84.013","228.938","136.406","-32.48","-29.33","10","10"
"2","random_two_color","native_grid","123.044","79.881","1327.531","586.137","-35.2","-33","9","9"
