input,seed,entry,before_us,after_us,paired_delta_median_pct
random_7_8,0,leaves,88.581,70.900,-19.96
random_7_8,0,native_grid,88.500,67.169,-22.97
random_7_8,1,leaves,79.425,63.212,-16.41
random_7_8,1,native_grid,80.025,60.319,-27.83
random_7_8,2,leaves,96.100,78.094,-18.29
random_7_8,2,native_grid,95.931,74.912,-26.42
random_7_8,3,leaves,86.844,69.013,-20.35
random_7_8,3,native_grid,85.612,66.244,-21.64
random_7_8,4,leaves,76.713,58.938,-19.17
random_7_8,4,native_grid,82.600,60.775,-30.01
random_7_8,5,leaves,82.169,65.406,-18.59
random_7_8,5,native_grid,82.825,62.300,-28.89
random_7_8,6,leaves,80.488,62.350,-17.63
random_7_8,6,native_grid,80.238,58.925,-30.52
random_7_8,7,leaves,84.869,69.069,-16.70
random_7_8,7,native_grid,86.831,66.131,-24.99
random_7_8,8,leaves,91.006,70.900,-24.80
random_7_8,8,native_grid,89.019,66.838,-29.88
random_7_8,9,leaves,76.175,58.506,-23.72
random_7_8,9,native_grid,76.356,55.731,-27.81
random_7_8,10,leaves,79.931,60.975,-28.86
random_7_8,10,native_grid,80.400,58.969,-22.45
random_7_8,11,leaves,79.744,62.744,-26.14
random_7_8,11,native_grid,79.213,58.625,-26.06
random_7_8,12,leaves,76.469,60.600,-17.02
random_7_8,12,native_grid,74.275,57.381,-21.09
random_7_8,13,leaves,80.719,65.531,-18.38
random_7_8,13,native_grid,84.625,64.438,-25.93
random_7_8,14,leaves,83.419,65.369,-22.80
random_7_8,14,native_grid,85.488,62.775,-22.86
random_7_8,15,leaves,91.481,73.969,-25.37
random_7_8,15,native_grid,87.625,68.181,-20.26
random_7_8,16,leaves,81.625,64.325,-18.97
random_7_8,16,native_grid,82.181,61.162,-28.46
random_7_8,17,leaves,73.688,55.931,-21.26
random_7_8,17,native_grid,73.681,52.950,-31.56
random_7_8,18,leaves,96.181,75.050,-23.13
random_7_8,18,native_grid,94.537,76.806,-17.29
random_7_8,19,leaves,83.569,66.213,-16.21
random_7_8,19,native_grid,83.881,64.369,-19.66
random_7_8,20,leaves,82.044,64.819,-19.14
random_7_8,20,native_grid,81.762,60.400,-24.22
random_7_8,21,leaves,70.219,53.181,-19.68
random_7_8,21,native_grid,70.806,49.888,-27.86
random_7_8,22,leaves,81.362,62.425,-26.35
random_7_8,22,native_grid,80.831,61.169,-29.92
random_7_8,23,leaves,85.819,67.106,-26.42
random_7_8,23,native_grid,86.612,64.431,-25.51
random_7_8,24,leaves,89.425,69.900,-16.82
random_7_8,24,native_grid,87.150,67.075,-19.85
random_7_8,25,leaves,87.781,70.487,-18.08
random_7_8,25,native_grid,87.694,66.269,-28.66
random_7_8,26,leaves,72.406,55.356,-22.96
random_7_8,26,native_grid,73.375,52.794,-26.37
random_7_8,27,leaves,84.831,67.156,-17.35
random_7_8,27,native_grid,86.956,63.500,-30.81
random_7_8,28,leaves,86.025,66.581,-23.56
random_7_8,28,native_grid,84.338,63.219,-21.63
random_7_8,29,leaves,88.331,70.213,-25.34
random_7_8,29,native_grid,88.450,65.856,-28.83
random_7_8,30,leaves,85.762,68.938,-18.82
random_7_8,30,native_grid,87.262,68.675,-20.09
random_7_8,31,leaves,83.119,63.144,-20.72
random_7_8,31,native_grid,79.169,58.581,-22.74
random_7_8,32,leaves,86.806,67.269,-20.12
random_7_8,32,native_grid,84.162,63.150,-29.17
random_7_8,33,leaves,75.188,57.712,-20.97
random_7_8,33,native_grid,75.112,54.312,-24.61
random_7_8,34,leaves,70.613,53.306,-28.76
random_7_8,34,native_grid,71.450,51.331,-31.76
random_7_8,35,leaves,85.438,68.106,-20.07
random_7_8,35,native_grid,87.106,65.537,-20.81
random_7_8,36,leaves,75.838,58.812,-19.27
random_7_8,36,native_grid,76.550,55.806,-25.95
random_7_8,37,leaves,80.987,62.912,-27.84
random_7_8,37,native_grid,78.306,59.438,-20.23
random_7_8,38,leaves,63.875,50.837,-18.87
random_7_8,38,native_grid,63.662,47.794,-24.27
random_7_8,39,leaves,80.188,63.969,-19.57
random_7_8,39,native_grid,80.731,60.031,-22.61
random_7_8,40,leaves,81.112,63.369,-22.76
random_7_8,40,native_grid,83.069,62.044,-22.46
random_7_8,41,leaves,73.787,56.544,-23.83
random_7_8,41,native_grid,72.400,52.550,-27.77
random_7_8,42,leaves,71.850,53.644,-22.01
random_7_8,42,native_grid,71.250,50.675,-23.46
random_7_8,43,leaves,86.544,69.162,-22.34
random_7_8,43,native_grid,86.431,66.931,-22.87
random_7_8,44,leaves,82.531,65.581,-16.45
random_7_8,44,native_grid,80.512,61.588,-19.52
random_7_8,45,leaves,81.919,65.312,-16.22
random_7_8,45,native_grid,82.644,62.731,-21.53
random_7_8,46,leaves,76.019,58.812,-27.96
random_7_8,46,native_grid,76.556,56.388,-28.07
random_7_8,47,leaves,94.594,77.044,-16.87
random_7_8,47,native_grid,93.963,73.200,-23.13
random_7_8,48,leaves,71.681,55.094,-18.98
random_7_8,48,native_grid,69.344,52.150,-27.44
random_7_8,49,leaves,97.075,78.119,-18.60
random_7_8,49,native_grid,98.838,75.731,-20.03
random_7_8,50,leaves,95.500,76.500,-16.57
random_7_8,50,native_grid,93.306,73.131,-25.97
random_7_8,51,leaves,67.831,50.625,-24.04
random_7_8,51,native_grid,67.650,47.375,-29.85
random_7_8,52,leaves,71.425,53.381,-22.40
random_7_8,52,native_grid,71.112,50.706,-27.39
random_7_8,53,leaves,80.925,63.994,-23.37
random_7_8,53,native_grid,82.056,62.319,-24.74
random_7_8,54,leaves,73.619,57.200,-18.41
random_7_8,54,native_grid,76.238,55.062,-32.21
random_7_8,55,leaves,85.844,67.419,-19.42
random_7_8,55,native_grid,85.494,63.694,-26.46
random_7_8,56,leaves,91.888,74.225,-22.02
random_7_8,56,native_grid,92.981,70.656,-22.51
random_7_8,57,leaves,72.869,58.263,-19.88
random_7_8,57,native_grid,75.081,55.281,-25.27
random_7_8,58,leaves,79.969,63.981,-18.84
random_7_8,58,native_grid,81.994,62.119,-21.34
random_7_8,59,leaves,77.756,61.956,-19.36
random_7_8,59,native_grid,80.069,59.913,-30.90
random_7_8,60,leaves,87.831,69.713,-24.04
random_7_8,60,native_grid,87.787,68.131,-25.12
random_7_8,61,leaves,79.987,62.769,-25.11
random_7_8,61,native_grid,83.037,60.975,-28.01
random_7_8,62,leaves,68.625,51.700,-25.57
random_7_8,62,native_grid,68.225,49.181,-24.20
random_7_8,63,leaves,96.906,77.338,-17.91
random_7_8,63,native_grid,95.162,72.881,-26.96
random_1_2,0,leaves,49.362,43.156,-5.35
random_1_2,0,native_grid,47.144,40.850,-10.08
random_1_2,1,leaves,50.412,42.006,-13.58
random_1_2,1,native_grid,50.200,40.244,-19.29
random_1_2,2,leaves,52.288,43.500,-17.89
random_1_2,2,native_grid,51.038,41.525,-14.34
random_1_2,3,leaves,52.856,43.819,-21.75
random_1_2,3,native_grid,51.494,41.719,-20.37
random_1_2,4,leaves,54.331,46.456,-11.45
random_1_2,4,native_grid,56.006,45.150,-22.46
random_1_2,5,leaves,50.575,43.350,-8.22
random_1_2,5,native_grid,51.263,41.994,-11.35
random_1_2,6,leaves,51.094,43.463,-7.58
random_1_2,6,native_grid,50.425,41.662,-21.38
random_1_2,7,leaves,50.844,42.237,-23.98
random_1_2,7,native_grid,51.112,40.487,-21.94
random_1_2,8,leaves,50.100,42.087,-21.53
random_1_2,8,native_grid,49.244,40.862,-9.04
random_1_2,9,leaves,51.925,44.669,-9.63
random_1_2,9,native_grid,50.737,41.969,-10.49
random_1_2,10,leaves,49.000,41.250,-18.52
random_1_2,10,native_grid,47.438,39.794,-13.16
random_1_2,11,leaves,50.994,43.406,-11.56
random_1_2,11,native_grid,53.481,41.987,-13.45
random_1_2,12,leaves,50.050,42.131,-9.45
random_1_2,12,native_grid,51.506,40.531,-17.47
random_1_2,13,leaves,51.181,43.588,-15.37
random_1_2,13,native_grid,51.631,41.225,-22.68
random_1_2,14,leaves,52.725,44.544,-20.80
random_1_2,14,native_grid,53.269,42.981,-25.41
random_1_2,15,leaves,50.663,42.581,-15.21
random_1_2,15,native_grid,50.569,40.787,-14.89
random_1_2,16,leaves,50.706,42.981,-8.03
random_1_2,16,native_grid,49.556,41.300,-11.60
random_1_2,17,leaves,49.850,42.619,-15.12
random_1_2,17,native_grid,49.581,40.369,-19.28
random_1_2,18,leaves,52.025,42.612,-15.05
random_1_2,18,native_grid,51.294,39.406,-21.98
random_1_2,19,leaves,46.881,39.463,-14.20
random_1_2,19,native_grid,50.906,39.794,-18.38
random_1_2,20,leaves,52.475,43.431,-15.88
random_1_2,20,native_grid,51.294,41.131,-20.26
random_1_2,21,leaves,50.931,42.056,-8.75
random_1_2,21,native_grid,49.125,40.325,-13.48
random_1_2,22,leaves,49.013,42.950,-7.77
random_1_2,22,native_grid,50.819,41.044,-25.67
random_1_2,23,leaves,48.594,40.525,-22.39
random_1_2,23,native_grid,48.681,37.294,-22.95
random_1_2,24,leaves,51.119,42.475,-22.25
random_1_2,24,native_grid,50.438,40.287,-26.44
random_1_2,25,leaves,52.181,43.206,-23.42
random_1_2,25,native_grid,52.494,41.656,-26.65
random_1_2,26,leaves,45.556,38.731,-10.96
random_1_2,26,native_grid,47.219,38.763,-16.34
random_1_2,27,leaves,53.156,44.212,-11.56
random_1_2,27,native_grid,53.306,42.769,-25.02
random_1_2,28,leaves,46.750,40.569,-11.72
random_1_2,28,native_grid,46.056,38.994,-11.41
random_1_2,29,leaves,54.381,45.669,-17.58
random_1_2,29,native_grid,51.331,44.862,-10.61
random_1_2,30,leaves,49.125,45.231,-6.88
random_1_2,30,native_grid,53.769,43.431,-26.42
random_1_2,31,leaves,51.212,42.538,-23.16
random_1_2,31,native_grid,51.244,40.225,-16.85
random_1_2,32,leaves,55.650,44.506,-20.41
random_1_2,32,native_grid,56.156,44.344,-27.35
random_1_2,33,leaves,55.606,46.725,-15.27
random_1_2,33,native_grid,55.738,45.181,-14.85
random_1_2,34,leaves,52.531,44.944,-18.48
random_1_2,34,native_grid,53.225,42.287,-25.34
random_1_2,35,leaves,52.444,44.575,-10.41
random_1_2,35,native_grid,53.688,44.125,-10.66
random_1_2,36,leaves,52.325,45.025,-12.47
random_1_2,36,native_grid,54.038,43.719,-11.17
random_1_2,37,leaves,54.731,44.875,-22.79
random_1_2,37,native_grid,52.925,42.944,-15.60
random_1_2,38,leaves,50.625,42.550,-18.52
random_1_2,38,native_grid,50.094,40.656,-11.83
random_1_2,39,leaves,54.837,45.175,-13.45
random_1_2,39,native_grid,53.700,43.300,-15.99
random_1_2,40,leaves,52.881,46.737,-10.77
random_1_2,40,native_grid,56.175,44.281,-21.84
random_1_2,41,leaves,52.194,45.794,-11.97
random_1_2,41,native_grid,55.231,44.538,-16.11
random_1_2,42,leaves,52.337,43.325,-11.55
random_1_2,42,native_grid,53.925,42.962,-15.50
random_1_2,43,leaves,53.850,44.394,-21.45
random_1_2,43,native_grid,54.344,43.456,-26.12
random_1_2,44,leaves,56.144,45.387,-23.02
random_1_2,44,native_grid,53.944,43.987,-18.46
random_1_2,45,leaves,54.375,45.638,-6.88
random_1_2,45,native_grid,53.056,44.469,-13.13
random_1_2,46,leaves,50.362,40.044,-23.78
random_1_2,46,native_grid,51.412,39.931,-24.00
random_1_2,47,leaves,56.569,47.950,-21.32
random_1_2,47,native_grid,57.362,46.569,-21.34
random_1_2,48,leaves,52.638,48.263,-7.32
random_1_2,48,native_grid,55.638,45.694,-10.84
random_1_2,49,leaves,58.344,48.375,-22.51
random_1_2,49,native_grid,58.531,46.931,-16.55
random_1_2,50,leaves,50.025,42.225,-12.74
random_1_2,50,native_grid,51.800,41.881,-17.04
random_1_2,51,leaves,47.987,43.269,-6.47
random_1_2,51,native_grid,47.219,39.662,-12.48
random_1_2,52,leaves,52.112,42.644,-22.34
random_1_2,52,native_grid,51.569,41.362,-19.25
random_1_2,53,leaves,46.581,39.719,-21.27
random_1_2,53,native_grid,46.931,38.300,-15.43
random_1_2,54,leaves,52.956,45.069,-12.07
random_1_2,54,native_grid,49.575,42.644,-12.07
random_1_2,55,leaves,51.925,42.275,-23.85
random_1_2,55,native_grid,50.763,40.519,-17.07
random_1_2,56,leaves,57.494,47.806,-22.19
random_1_2,56,native_grid,56.744,46.081,-11.82
random_1_2,57,leaves,50.425,43.362,-17.53
random_1_2,57,native_grid,49.344,41.675,-10.23
random_1_2,58,leaves,53.075,43.969,-19.22
random_1_2,58,native_grid,52.163,41.906,-15.73
random_1_2,59,leaves,51.131,42.275,-21.96
random_1_2,59,native_grid,51.906,40.325,-26.24
random_1_2,60,leaves,50.481,41.550,-24.69
random_1_2,60,native_grid,50.638,40.194,-13.62
random_1_2,61,leaves,52.375,43.275,-14.95
random_1_2,61,native_grid,52.263,41.538,-18.53
random_1_2,62,leaves,53.756,45.781,-12.02
random_1_2,62,native_grid,55.919,44.281,-24.65
random_1_2,63,leaves,50.438,41.925,-22.94
random_1_2,63,native_grid,49.494,39.562,-13.95
random_two_color,0,leaves,115.944,77.969,-36.35
random_two_color,0,native_grid,117.281,75.088,-35.98
random_two_color,1,leaves,118.975,79.494,-34.09
random_two_color,1,native_grid,118.737,75.969,-39.68
random_two_color,2,leaves,120.319,84.369,-33.66
random_two_color,2,native_grid,122.925,79.881,-39.22
random_two_color,3,leaves,118.944,80.056,-30.83
random_two_color,3,native_grid,117.719,76.269,-34.71
random_two_color,4,leaves,121.906,83.356,-31.20
random_two_color,4,native_grid,121.994,78.969,-33.75
random_two_color,5,leaves,119.494,80.531,-32.44
random_two_color,5,native_grid,116.794,73.894,-39.49
random_two_color,6,leaves,123.363,83.537,-35.91
random_two_color,6,native_grid,122.719,81.169,-39.19
random_two_color,7,leaves,123.275,82.625,-31.05
random_two_color,7,native_grid,120.412,77.162,-34.79
random_two_color,8,leaves,125.056,81.581,-29.33
random_two_color,8,native_grid,119.625,75.487,-39.04
random_two_color,9,leaves,122.400,82.037,-35.13
random_two_color,9,native_grid,1327.531,586.137,-48.12
random_two_color,10,leaves,228.938,136.406,-31.62
random_two_color,10,native_grid,123.044,78.181,-37.61
random_two_color,11,leaves,141.950,84.013,-38.77
random_two_color,11,native_grid,122.338,79.250,-39.60
random_two_color,12,leaves,122.600,80.369,-37.92
random_two_color,12,native_grid,123.656,78.012,-40.34
random_two_color,13,leaves,123.381,82.994,-35.16
random_two_color,13,native_grid,124.350,80.806,-38.52
random_two_color,14,leaves,118.713,80.406,-33.27
random_two_color,14,native_grid,119.325,76.719,-34.36
random_two_color,15,leaves,119.875,81.244,-30.73
random_two_color,15,native_grid,118.600,77.219,-37.53
random_two_color,16,leaves,118.412,78.588,-35.39
random_two_color,16,native_grid,117.856,74.131,-38.41
random_two_color,17,leaves,116.188,79.256,-31.98
random_two_color,17,native_grid,115.519,74.394,-34.62
random_two_color,18,leaves,111.800,73.625,-34.56
random_two_color,18,native_grid,111.963,70.550,-36.89
random_two_color,19,leaves,113.669,76.975,-34.22
random_two_color,19,native_grid,112.894,72.219,-39.00
random_two_color,20,leaves,112.887,75.906,-32.09
random_two_color,20,native_grid,111.425,71.719,-36.05
random_two_color,21,leaves,115.113,77.662,-36.10
random_two_color,21,native_grid,116.825,75.581,-35.20
random_two_color,22,leaves,112.488,76.019,-31.54
random_two_color,22,native_grid,113.106,72.744,-34.72
random_two_color,23,leaves,111.700,74.638,-35.79
random_two_color,23,native_grid,112.156,71.619,-34.81
random_two_color,24,leaves,110.963,74.794,-32.30
random_two_color,24,native_grid,108.888,71.188,-34.47
random_two_color,25,leaves,115.562,77.869,-32.86
random_two_color,25,native_grid,113.750,74.000,-34.07
random_two_color,26,leaves,114.169,76.362,-32.27
random_two_color,26,native_grid,115.425,73.344,-36.25
random_two_color,27,leaves,115.656,77.975,-31.59
random_two_color,27,native_grid,115.331,75.694,-34.17
random_two_color,28,leaves,112.781,75.456,-32.02
random_two_color,28,native_grid,112.362,72.113,-38.89
random_two_color,29,leaves,119.037,87.094,-29.39
random_two_color,29,native_grid,120.850,77.556,-39.39
random_two_color,30,leaves,110.475,74.194,-31.53
random_two_color,30,native_grid,110.700,70.637,-37.47
random_two_color,31,leaves,113.512,75.963,-34.76
random_two_color,31,native_grid,111.987,71.312,-35.98
random_two_color,32,leaves,113.769,77.488,-31.21
random_two_color,32,native_grid,113.894,74.662,-36.05
random_two_color,33,leaves,114.119,77.494,-31.53
random_two_color,33,native_grid,114.388,73.850,-34.49
random_two_color,34,leaves,113.831,76.656,-34.30
random_two_color,34,native_grid,116.931,76.088,-33.86
random_two_color,35,leaves,114.513,77.094,-32.48
random_two_color,35,native_grid,114.656,74.219,-33.89
random_two_color,36,leaves,113.362,75.513,-33.47
random_two_color,36,native_grid,112.694,71.487,-38.77
random_two_color,37,leaves,113.969,75.544,-33.71
random_two_color,37,native_grid,113.344,73.231,-34.02
random_two_color,38,leaves,109.550,74.525,-30.99
random_two_color,38,native_grid,112.525,71.325,-38.77
random_two_color,39,leaves,116.275,79.787,-30.01
random_two_color,39,native_grid,113.112,74.444,-33.37
random_two_color,40,leaves,116.438,78.419,-33.03
random_two_color,40,native_grid,115.238,74.963,-34.76
random_two_color,41,leaves,116.075,78.619,-34.89
random_two_color,41,native_grid,116.150,75.794,-36.83
random_two_color,42,leaves,112.719,74.781,-34.14
random_two_color,42,native_grid,112.294,71.612,-36.87
random_two_color,43,leaves,116.013,79.494,-31.32
random_two_color,43,native_grid,115.794,75.725,-34.64
random_two_color,44,leaves,112.588,76.869,-31.58
random_two_color,44,native_grid,114.856,73.138,-39.19
random_two_color,45,leaves,116.194,78.681,-32.14
random_two_color,45,native_grid,115.200,75.294,-33.55
random_two_color,46,leaves,114.225,76.363,-32.30
random_two_color,46,native_grid,113.600,73.581,-34.87
random_two_color,47,leaves,115.700,78.469,-33.37
random_two_color,47,native_grid,114.556,75.156,-33.88
random_two_color,48,leaves,114.375,77.562,-33.20
random_two_color,48,native_grid,114.719,74.925,-34.00
random_two_color,49,leaves,115.344,77.713,-35.82
random_two_color,49,native_grid,114.588,74.419,-35.05
random_two_color,50,leaves,115.156,79.088,-31.23
random_two_color,50,native_grid,114.931,75.081,-33.84
random_two_color,51,leaves,113.363,76.450,-32.56
random_two_color,51,native_grid,112.094,73.588,-34.10
random_two_color,52,leaves,115.006,78.362,-31.57
random_two_color,52,native_grid,116.488,75.312,-34.28
random_two_color,53,leaves,111.025,72.900,-34.70
random_two_color,53,native_grid,109.931,70.025,-39.37
random_two_color,54,leaves,114.650,78.244,-31.36
random_two_color,54,native_grid,114.975,73.350,-34.81
random_two_color,55,leaves,112.731,76.381,-33.43
random_two_color,55,native_grid,113.344,73.438,-35.20
random_two_color,56,leaves,115.769,77.669,-36.66
random_two_color,56,native_grid,114.862,74.169,-35.56
random_two_color,57,leaves,117.106,79.275,-33.25
random_two_color,57,native_grid,116.325,76.094,-34.41
random_two_color,58,leaves,111.944,75.894,-30.88
random_two_color,58,native_grid,111.706,72.400,-34.29
random_two_color,59,leaves,115.481,77.838,-30.22
random_two_color,59,native_grid,115.044,74.888,-36.29
random_two_color,60,leaves,116.100,77.881,-33.20
random_two_color,60,native_grid,115.906,74.081,-36.55
random_two_color,61,leaves,111.206,73.831,-32.39
random_two_color,61,native_grid,109.444,70.438,-33.90
random_two_color,62,leaves,115.300,78.300,-33.11
random_two_color,62,native_grid,115.425,74.769,-38.24
random_two_color,63,leaves,111.787,75.644,-30.78
random_two_color,63,native_grid,110.681,72.338,-33.00
